enz	rxns	protein_stoich	MW (g/mmol)	status
YOR099W	12AMANTF_g	YOR099W:1	46.39051	automatically added
YBR205W	12AMANTF_g	YBR205W:1	47.87588	automatically added
YKR061W	12AMANTF_g	YKR061W:1	51.04967	automatically added
YJL139C	12AMANTF_g	YJL139C:1	51.22932	automatically added
YDR483W	12AMANTF_g	YDR483W:1	51.79507	automatically added
YPL053C	12AMANTF_g	YPL053C:1	52.54247	automatically added
YBR199W	12AMANTF_g	YBR199W:1	54.97022	automatically added
YNL029C	12AMANTF_g	YNL029C:1	62.21301	automatically added
YGR282C	13BGH_e	YGR282C:1	34.39405	automatically added
YLR300W	13BGH_e	YLR300W:1	51.70917	automatically added
YOR190W	13BGH_e	YOR190W:1	52.22278	automatically added
YDR261C	13BGH_e	YDR261C:1	64.03522	automatically added
YNR067C	13BGH_e	YNR067C:1	122.10292	automatically added
YLR342WYPR165W	13GS_c	YLR342W:1,YPR165W:1	240.04398	automatically added
YGR032WYPR165W	13GS_c	YGR032W:1,YPR165W:1	242.19774999999998	automatically added
YBR110W	14BMANTF_c	YBR110W:1	52.36866	automatically added
YPR159W	16GS_c	YPR159W:1	80.77768	automatically added
YGR143W	16GS_c	YGR143W:1	86.95194	automatically added
YPR140W	1MLCLAT_mm,3MLCLAT_mm	YPR140W:1	44.55423	automatically added
YGR247W	23CAPPD_c	YGR247W:1	26.95235	automatically added
YOR222W	2OXOADPt_c_m,AKGMALta_m	YOR222W:1	34.31473	automatically added
YPL134C	2OXOADPt_c_m,AKGMALta_m	YPL134C:1	34.51699	automatically added
YBR265W	3DSPHR_r	YBR265W:1	36.27016	automatically added
YJL097W	3HACD200_rm,3HACD220_rm,3HACD240_rm,3HACD260_rm	YJL097W:1	24.72557	automatically added
YHR067W	3HAD40_m,3HAD60_m,3HAD80_m	YHR067W:1	33.32383	automatically added
YJR025C	3HAO_c	YJR025C:1	20.38772	automatically added
YDR539W	3HPH5MBDC_m	YDR539W:1	56.63642	automatically added
YPL252C	3HXPHBH_c	YPL252C:1	19.08025	automatically added
YDR376W	3HXPHBH_c	YDR376W:1	56.72069	automatically added
YER175C	3IPM3MT_c,ACONMT_c	YER175C:1	35.04391	automatically added
YLR044C	3MOBDC_c,ACALDCD_c,INDPYRD_c,PYRDC_c,PYRDC2_c	YLR044C:1	62.03074	automatically added
YGR087C	3MOBDC_c,ACALDCD_c,INDPYRD_c,PYRDC_c,PYRDC2_c	YGR087C:1	62.11575	automatically added
YLR134W	3MOBDC_c,ACALDCD_c,INDPYRD_c,PYRDC_c,PYRDC2_c	YLR134W:1	62.44843	automatically added
YCR034W	3OACE200_rm,3OACE220_rm,3OACE240_rm	YCR034W:1	40.34573	automatically added
YLR372W	3OACE200_rm,3OACE220_rm,3OACE240_rm,3OACE260_rm	YLR372W:1	39.80493	automatically added
YBR159W	3OACR200_rm,3OACR220_rm,3OACR240_rm,3OACR260_rm	YBR159W:1	39.0509	automatically added
YKL055C	3OAR40_m,3OAR60_m,3OAR80_m	YKL055C:1	31.45182	automatically added
YDL210W	4ABUTtps_e,5AOPtps_e	YDL210W:1	62.42347	automatically added
YOR348C	4ABUTtps_e,GLYtps_e,ALAtps_e,PROtps_e	YOR348C:1	69.39679	automatically added
YOR163W	4DPMIPPH_c,5DPMIPPH_c,6DPMIPPH_c,PMI1346PH_c	YOR163W:1	21.74428	automatically added
YLR410W	4DPMIPPH_c,IPPYP2_c,IPPYP3_c,6DPMIPPH_c	YLR410W:1	130.89534	automatically added
YCR053W	4HTHRS_c,THRS_c	YCR053W:1	57.9606	automatically added
YKL215C	5OPROAH_c	YKL215C:1	141.68425	automatically added
YNR056C	8AONNtps_e	YNR056C:1	62.97052	automatically added
YBR115CYGL154C	AASADy_c	YBR115C:1,YGL154C:1	187.61764	automatically added
YER152C	AATA_c	YER152C:1	49.91073	automatically added
YJL060W	AATA_c,KYNAT2_c	YJL060W:1	50.50484	automatically added
YGL202W	AATA_c,UNK3_c,PHETA1_c,TRPTA_c,TYRTA_c	YGL202W:1	56.65033	automatically added
YGR019W	ABTA_c	YGR019W:1	53.39475	automatically added
YIL160C	ACACT180i_x,ACACT260i_x,ACACT160i_x,ACACT140i_x,ACACT100i_x,ACACT120i_x,ACACT40i_x,ACACT60i_x,ACACT80i_x,ACACT200i_x,ACACT220i_x,ACACT240i_x,ACACT161bi_x,ACACT141bi_x,ACACT121ai_x,ACACT181ai_x,ACACT161ai_x,ACACT141ai_x	YIL160C:1	45.13001	automatically added
YPL028W	ACACT40ir_c,ACACT40ir_m	YPL028W:1	42.10836	automatically added
YDL141WYNR016C	ACCOAC_c	YDL141W:1,YNR016C:1	329.55916	automatically added
YMR207C	ACCOAC_m	YMR207C:1	243.89632	automatically added
YFL017C	ACGAM6PS_c	YFL017C:1	18.27067	automatically added
YEL058W	ACGAMPM_c,PGAMT_c	YEL058W:1	62.591	automatically added
YER069W	ACGK_m,AGPRi_m	YER069W:1	95.7184	automatically added
YJL071W	ACGS_m	YJL071W:1	66.17464	automatically added
YMR062C	ACGS_m,ORNTACi_m	YMR062C:1	48.27128	automatically added
YMR108W	ACHBS_m,ACLS_m	YMR108W:1	75.60921	automatically added
YOR126C	ACHLE3_c,ACHLE1_c,ACHLE2_c	YOR126C:1	27.55997	automatically added
YGL055W	ACOADS160_rm,ACOADS180_rm	YGL055W:1	58.90342	automatically added
YBL015W	ACOAHi_m,SUCACCT_m	YBL015W:1	59.21237	automatically added
YGL205W	ACOAO100_x,ACOAO120_x,ACOAO260_x,ACOAO160_x,ACOAO180_x,ACOAO140_x,ACOAO40_x,ACOAO60_x,ACOAO80_x,ACOAO200_x,ACOAO220_x,ACOAO240_x,ACOAO161b_x,ACOAO141b_x,ACOAO121a_x,ACOAO181a_x,ACOAO161a_x,ACOAO141a_x	YGL205W:1	84.77833	automatically added
YKL192C	ACOATA_m	YKL192C:1	14.04452	automatically added
YPR002W	ACONT2_m	YPR002W:1	58.19317	automatically added
YLR304C	ACONTb_m,ACONTa_m,ACONTa_c,ACONTb_c	YLR304C:1	86.13043	automatically added
YOL140W	ACOTAi_m	YOL140W:1	47.086	automatically added
YHR215W	ACP1_e	YHR215W:1	53.1309	automatically added
YAR071W	ACP1_e	YAR071W:1	53.18898	automatically added
YBR093C	ACP1_e	YBR093C:1	53.28064	automatically added
YBR092C	ACP1_e,THMDP_e,THMP_e	YBR092C:1	53.19367	automatically added
YLR153C	ACS_c	YLR153C:1	76.14679	automatically added
YAL054C	ACS_c	YAL054C:1	79.82596	automatically added
YAL061W	ACTNOR_c,ACTNOR_n	YAL061W:1	46.48312	automatically added
YCR010C	ACt_c_e	YCR010C:1	30.98371	automatically added
YMR289W	ADCL_c	YMR289W:1	42.98936	automatically added
YNR033W	ADCS_c	YNR033W:1	89.29424	automatically added
YNL141W	ADD_c,ADA_c,DADA_c	YNL141W:1	39.94656	automatically added
YER060W-A	ADEtps_e,CSNtps_e,GUAtps_e	YER060W-A:1	57.82866	automatically added
YER060W	ADEtps_e,CSNtps_e,GUAtps_e	YER060W:1	58.55046	automatically added
YER056C	ADEtps_e,CSNtps_e,GUAtps_e	YER056C:1	58.70558	automatically added
YGL186C	ADEtps_e,CSNtps_e,GUAtps_e,PYDXNtps_e	YGL186C:1	65.11774	automatically added
YDR226W	ADK1_c	YDR226W:1	24.4556	automatically added
YDL166C	ADK1_c,DADK_c	YDL166C:1	22.88079	automatically added
YER170W	ADK1_m,ADK3_m	YER170W:1	25.40377	automatically added
YOL052C	ADMDC_c	YOL052C:1	46.5958	automatically added
YJL005W	ADNCYC_c	YJL005W:1	229.83395	automatically added
YJR105W	ADNK1_c	YJR105W:1	36.68092	automatically added
YAL022C	ADNtps_e,CYTDtps_e	YAL022C:1	58.7966	automatically added
YBR085W	ADPATPt_c_m	YBR085W:1	33.62166	automatically added
YMR056C	ADPATPt_c_m	YMR056C:1	34.42722	automatically added
YBL030C	ADPATPt_c_m	YBL030C:1	34.74597	automatically added
YPR128C	ADPATPt_c_x,AMPATPt_c_x	YPR128C:1	36.69207	automatically added
YBR046C	ADPRIB1P_c	YBR046C:1	37.33932	automatically added
YDR441C	ADPT_c	YDR441C:1	20.1367	automatically added
YML022W	ADPT_c	YML022W:1	20.74965	automatically added
YKL001C	ADSK_c	YKL001C:1	23.24623	automatically added
YLR359W	ADSL2i_c,ADSL1r_c	YLR359W:1	54.96694	automatically added
YNL220W	ADSS_c	YNL220W:1	48.69581	automatically added
YDL045C	AFAT_c,FMNAT_m	YDL045C:1	35.82274	automatically added
YIL124W	AGNPR_rm,AGNPR_l	YIL124W:1	33.1017	automatically added
YOR081C	AGPAT_l,TAGL_l	YOR081C:1	85.4603	automatically added
YKR089C	AGPAT_l,TAGL_l,PLAA2pc_l,PLAA2pe_l	YKR089C:1	103.61074	automatically added
YOR175C	AGPAT_rm	YOR175C:1	72.85745	automatically added
YDL052C	AGPAT_rm,AGPAT_l	YDL052C:1	34.18873	automatically added
YFL030W	AGTi_c	YFL030W:1	42.27583	automatically added
YER043C	AHCi_c	YER043C:1	49.54504	automatically added
YFL058W	AHMMPS4_c	YFL058W:1	38.91641	automatically added
YOR128C	AIRC1_c	YOR128C:1	62.89089	automatically added
YMR241W	AKGCITta_m	YMR241W:1	34.49831	automatically added
YDR148CYFL018CYIL125W	AKGDH_m	YDR148C:1,YFL018C:1,YIL125W:1	220.77906000000002	automatically added
YDR481C	AKP1_c	YDR481C:1	63.52325	automatically added
YDR232W	ALAS_m	YDR232W:1	59.89073	automatically added
YLR089C	ALATA_L_m	YLR089C:1	66.99107	automatically added
YOR335C	ALATRS_c	YOR335C:1	108.19082	automatically added
YDR046C	ALAtps_e,CYStps_e,ILEtps_e,LEUtps_e,METtps_e,PHEtps_e,THRtps_e,TRPtps_e,TYRtps_e,VALtps_e	YDR046C:1	67.95437	automatically added
YBR068C	ALAtps_e,CYStps_e,ILEtps_e,LEUtps_e,METtps_e,PHEtps_e,TRPtps_e,TYRtps_e,VALtps_e	YBR068C:1	68.36477	automatically added
YDR368W	ALCD19y_c,ALCD22yi_c	YDR368W:1	35.04771	automatically added
YHR104W	ALCD19y_c,ARABR_c,LALDO3_c,XYLR_c	YHR104W:1	37.42541	automatically added
YOL086C	ALCD22xi_c,ALCD25xi_c,ALCD24xi_c,ALCD23xi_c,ALCD26xi_c,ALCD2i2_c	YOL086C:1	37.17482	automatically added
YBR145W	ALCD22xi_c,ALCD25xi_c,ALCD24xi_c,ALCD23xi_c,ALCD26xi_c,ALCD2i2_c	YBR145W:1	37.97471	automatically added
YDL168W	ALCD22xi_c,ALCD25xi_c,ALCD24xi_c,ALCD23xi_c,ALCD26xi_c,FALDH_c	YDL168W:1	41.4066	automatically added
YCR105W	ALCD22yi_c,ALCD25yi_c,ALCD24yi_c,ALCD23yi_c	YCR105W:1	39.69019	automatically added
YMR318C	ALCD22yi_c,ALCD25yi_c,ALCD24yi_c,ALCD23yi_c	YMR318C:1	39.95519	automatically added
YMR303C	ALCD2i1_c	YMR303C:1	37.05757	automatically added
YMR083W	ALCD2i2_m,ALCD22xi_m,ALCD25xi_m,ALCD24xi_m,ALCD23xi_m,ALCD26xi_m	YMR083W:1	40.73117	automatically added
YGL256W	ALCD2i2_m,ALCD22xi_m,ALCD25xi_m,ALCD24xi_m,ALCD23xi_m,ALCD26xi_m	YGL256W:1	41.49671	automatically added
YMR110C	ALDD22x_c,4ABTORy_c,4ABTORx_c	YMR110C:1	60.48836	automatically added
YMR170C	ALDD22x_c,ALDD19xi_c,ALDD2x_c	YMR170C:1	55.66827	automatically added
YMR169C	ALDD22x_c,ALDD19xi_c,ALDD2x_c	YMR169C:1	55.86669	automatically added
YOR374W	ALDD2x_m,ALDD2y_m,ALDD20x_m,ALDD20y_m,ABUTD_m	YOR374W:1	57.22107	automatically added
YPL061W	ALDD2y_c,ALDD20y_c	YPL061W:1	54.88654	automatically added
YER073W	ALDD2y_m,ALDD20y_m	YER073W:1	57.19727	automatically added
YBR070CYGL047W	ALG14RXN_r	YBR070C:1,YGL047W:1	50.108810000000005	automatically added
YIR027C	ALLTN_c	YIR027C:1	50.55482	automatically added
YIR028W	ALLTNt_c_e	YIR028W:1	72.37536	automatically added
YJR152W	ALLTTt_c_e	YJR152W:1	61.38168	automatically added
YBR208C	ALPHNH_c,UREASE_c	YBR208C:1	203.61414	automatically added
YNR058W	AMAOTr_c	YNR058W:1	54.1602	automatically added
YNL003C	AMETt_c_m	YNL003C:1	31.30563	automatically added
YPL274W	AMETtps_e,SPMDtpa_e	YPL274W:1	64.92514	automatically added
YDR242W	AMID_c	YDR242W:1	61.92756	automatically added
YBL080CYGR102CYMR293C	AMID_c	YBL080C:1,YGR102C:1,YMR293C:1	134.72329000000002	automatically added
YML035C	AMPDA_c	YML035C:1	94.0786	automatically added
YCL047C	ANNAT_c	YCL047C:1	29.91517	automatically added
YLR328W	ANNAT_c,ANNAT_n,NNATi_c	YLR328W:1	46.23569	automatically added
YGR010W	ANNAT_n,NNATi_c	YGR010W:1	45.27367	automatically added
YDR354W	ANPRT_c	YDR354W:1	41.72911	automatically added
YER090WYKL211C	ANS_c	YER090W:1,YKL211C:1	111.19493	automatically added
YAR069W-A	AOXS_c	YAR069W-A:1	49.02498	automatically added
YHR214W-F	AOXS_c	YHR214W-F:1	49.02498	automatically added
YDR305C	AP4AH_c	YDR305C:1	24.98709	automatically added
YLR239C	APOOCT_m,APOLIPT_m	YLR239C:1	37.55904	automatically added
YML086C	ARAB14LO_c	YML086C:1	59.99801	automatically added
YBR149W	ARAB1D2_c	YBR149W:1	39.20017	automatically added
YMR041C	ARAB1Dx_c	YMR041C:1	38.52702	automatically added
YPL111W	ARGN_c	YPL111W:1	35.96563	automatically added
YHR018C	ARGSL_c	YHR018C:1	52.41953	automatically added
YOL058W	ARGSS_c	YOL058W:1	47.32316	automatically added
YDR341C	ARGTRS_c	YDR341C:1	70.10837	automatically added
YHR091C	ARGTRS_m	YHR091C:1	74.33844	automatically added
YDR352W	ARGt_c_v,HISt_c_v,LYSt_c_v	YDR352W:1	35.4686	automatically added
YOL092W	ARGtpa_v,HIStpa_v,LYStpa_v	YOL092W:1	35.15319	automatically added
YBR293W	ARGtpa_v,HIStpa_v,LYStpa_v,TYRtpa_v	YBR293W:1	52.15278	automatically added
YNL270C	ARGtps_e	YNL270C:1	64.56995	automatically added
YEL063C	ARGtps_e,ORNtps_e	YEL063C:1	66.36075	automatically added
YBR147W	ARGtps_m,HISt_c_m,LYSt_c_m,ARGt_c_v,HISt_c_v,LYSt_c_v	YBR147W:1	33.77134	automatically added
YBR034C	ARMT_c	YBR034C:1	40.10062	automatically added
YDR158W	ASAD_c	YDR158W:1	39.8874	automatically added
YDR321W	ASNN_c	YDR321W:1	41.7478	automatically added
YLR155C	ASNN_e	YLR155C:1	39.01614	automatically added
YLR157C	ASNN_e	YLR157C:1	39.01614	automatically added
YLR158C	ASNN_e	YLR158C:1	39.01614	automatically added
YLR160C	ASNN_e	YLR160C:1	39.01614	automatically added
YPR145W	ASNS1_c	YPR145W:1	65.00866	automatically added
YGR124W	ASNS1_c	YGR124W:1	65.12757	automatically added
YHR019C	ASNTRS_c	YHR019C:1	62.73118	automatically added
YCR024C	ASNTRS_m	YCR024C:1	57.26437	automatically added
YJR001W	ASNtpa_v,GLNtpa_v,ILEtpa_v,LEUtpa_v,TYRtpa_v	YJR001W:1	65.93451	automatically added
YDR508C	ASNtps_e,CYStps_e,GLNtps_e,LEUtps_e,METtps_e,SERtps_e,THRtps_e,ASNt_c_m,METt_c_m,SERt_c_m,THRt_c_m	YDR508C:1	74.24437	automatically added
YKL146W	ASNtps_v,GLNtps_v,ILEtps_v,LEUtps_v,TYRtps_v	YKL146W:1	76.13984	automatically added
YNL101W	ASNtps_v,GLNtps_v,ILEtps_v,LEUtps_v,TYRtps_v	YNL101W:1	80.73418	automatically added
YJL130C	ASPCT_c	YJL130C:1	247.1883	automatically added
YPR021C	ASPGLUt_c_m,GLUt_c_m	YPR021C:1	105.19006	automatically added
YER052C	ASPK_c	YER052C:1	58.61322	automatically added
YLR027C	ASPTA_c,ASPTA_x,EGHLAT_c,EGHLAT_x,TYRTAi_x	YLR027C:1	46.4602	automatically added
YKL106W	ASPTAi_m,EGHLAT_m	YKL106W:1	52.23895	automatically added
YLL018C	ASPTRS_c	YLL018C:1	64.04794	automatically added
YPL104W	ASPTRS_m	YPL104W:1	76.11009	automatically added
YFL055W	ASPtps_e,GLUtps_e,SERtps_e	YFL055W:1	61.59119	automatically added
YER119C	ASPtps_v,GLUtps_v	YER119C:1	49.27912	automatically added
YIR029W	ATAH_c	YIR029W:1	39.0303	automatically added
YMR226C	ATHRDHr_c,LSERDHi_c	YMR226C:1	29.40611	automatically added
YCR024C-AYEL017C-AYGL008C	ATPASEP2e_c	YCR024C-A:1,YEL017C-A:1,YGL008C:1	105.01386000000001	automatically added
YCR024C-AYEL017C-AYPL036W	ATPASEP2e_c	YCR024C-A:1,YEL017C-A:1,YPL036W:1	107.59349	automatically added
YBR127CYDL185WYEL027WYEL051WYGR020CYHR026WYHR039C-AYKL080WYLR447CYMR054WYOR332WYPL234CYPR036W	ATPASEVg_c	YBR127C:1,YDL185W:1,YEL027W:1,YEL051W:1,YGR020C:1,YHR026W:1,YHR039C-A:1,YKL080W:1,YLR447C:1,YMR054W:1,YOR332W:1,YPL234C:1,YPR036W:1	558.86907	automatically added
YBR127CYDL185WYEL027WYEL051WYGR020CYHR026WYHR039C-AYKL080WYLR447CYOR270CYOR332WYPL234CYPR036W	ATPASEVv_c	YBR127C:1,YDL185W:1,YEL027W:1,YEL051W:1,YGR020C:1,YHR026W:1,YHR039C-A:1,YKL080W:1,YLR447C:1,YOR270C:1,YOR332W:1,YPL234C:1,YPR036W:1	552.69016	automatically added
YDR530C	ATPATF1_c	YDR530C:1	37.13342	automatically added
YCL050C	ATPATF2_c,ATPATF3_c,SLFAT_c	YCL050C:1	36.77818	automatically added
YER055C	ATPPRT_c	YER055C:1	32.54313	automatically added
Q0080Q0085Q0130YBL099WYBR039WYDL004WYDR298CYDR322C-AYDR377WYJR121WYKL016CYLR295CYML081C-AYPL078CYPL271W	ATPS_m	Q0080:1,Q0085:1,Q0130:1,YBL099W:1,YBR039W:1,YDL004W:1,YDR298C:1,YDR322C-A:1,YDR377W:1,YJR121W:1,YKL016C:1,YLR295C:1,YML081C-A:1,YPL078C:1,YPL271W:1	329.49186000000003	automatically added
Q0080Q0085Q0130YBL099WYBR039WYDL004WYDR298CYDR377WYJR121WYKL016CYLR295CYML081C-AYPL078CYPL271WYPR020W	ATPS_m	Q0080:1,Q0085:1,Q0130:1,YBL099W:1,YBR039W:1,YDL004W:1,YDR298C:1,YDR377W:1,YJR121W:1,YKL016C:1,YLR295C:1,YML081C-A:1,YPL078C:1,YPL271W:1,YPR020W:1	331.56852	automatically added
YOL064C	BPNT_c	YOL064C:1	39.47983	automatically added
YAL060W	BTDDH_c	YAL060W:1	41.93764	automatically added
YGR065C	BTNtps_e	YGR065C:1	69.67209	automatically added
YGR286C	BTS1_c	YGR286C:1	42.24792	automatically added
YNL280C	C14STR_c	YNL280C:1	51.04396	automatically added
YMR015C	C22STDSy_c	YMR015C:1	61.8569	automatically added
YGL012W	C24STR_r	YGL012W:1	56.50404	automatically added
YGL001C	C3STDH2_c,C3STDH1_c	YGL001C:1	39.03295	automatically added
YLR100W	C3STKR1_c,C3STKR2_c	YLR100W:1	40.05525	automatically added
YGR060W	C4STMO1_c,C4STMO2_c,C4STMO3_c,C4STMO4_c	YGR060W:1	36.77177	automatically added
YLR056W	C5STDS_c	YLR056W:1	43.07681	automatically added
YMR202W	C8STI_c	YMR202W:1	25.09228	automatically added
YOL122C	CA2tps_c_e,CUtps_c_e	YOL122C:1	63.81525	automatically added
YGR088W	CAT_c	YGR088W:1	65.1185	automatically added
YDR256C	CAT_x	YDR256C:1	59.05075	automatically added
YFR055W	CBL_c	YFR055W:1	37.28608	automatically added
YGL184C	CBL_c	YGL184C:1	52.27797	automatically added
YJL130CYJR109CYOR303W	CBPS_c	YJL130C:1,YJR109C:1,YOR303W:1	417.9244	automatically added
YBR029C	CDPDAGS_rm	YBR029C:1	52.27036	automatically added
YDR297W	CERH124A_r,CERH126A_r,PSPHS_r	YDR297W:1	41.06684	automatically added
YMR272C	CERH124B_r,CERH126B_r,CERH2A24_r,CERH2A26_r,CERH324_r,CERH326_r	YMR272C:1	45.2369	automatically added
YHL003CYMR298W	CERS124_r,CERS126_r,CERS2A24_r,CERS2A26_r	YHL003C:1,YMR298W:1	66.19149	automatically added
YKL008CYMR298W	CERS124_r,CERS126_r,CERS2A24_r,CERS2A26_r	YKL008C:1,YMR298W:1	66.74305	automatically added
YBR183W	CERSFA2A24_r	YBR183W:1	36.72032	automatically added
YGR202C	CHLPCTD_c	YGR202C:1	49.81763	automatically added
YLR133W	CHOLK_c,ETHAK_c	YLR133W:1	66.86901	automatically added
YNL130C	CHOLPT_rm	YNL130C:1	45.19895	automatically added
YOR161C	CHOLt_c_en,CHOLt_c_e	YOR161C:1	60.77723	automatically added
YGL077C	CHOLtps_e,ETHAt_c_e,CHOLt_c_en	YGL077C:1	62.59646	automatically added
YPR060C	CHORM_c	YPR060C:1	29.98189	automatically added
YGL148W	CHORS_c	YGL148W:1	41.19697	automatically added
YLR307W	CHTNDA_c	YLR307W:1	34.90786	automatically added
YLR308W	CHTNDA_c	YLR308W:1	35.96966	automatically added
YBR038W	CHTNS_c	YBR038W:1	110.83763	automatically added
YNL192W	CHTNS_c	YNL192W:1	130.9662	automatically added
YBR023C	CHTNS_c	YBR023C:1	132.73793	automatically added
YBR291C	CITMALta_m,CITPEPt_c_m,CITICITt_c_m	YBR291C:1	32.46806	automatically added
YDL142C	CLPNS_mm	YDL142C:1	32.29944	automatically added
YPL148C	COAHL_m	YPL148C:1	20.132	automatically added
YHR002W	COAt_c_m,COAt_c_mm	YHR002W:1	41.18093	automatically added
YDR044W	CPPPGO_c	YDR044W:1	38.01712	automatically added
YOR100C	CRNACRNt_c_m,CRNt_c_m,ACRNt_c_m	YOR100C:1	35.08	automatically added
YAR035W	CRNOAT_c	YAR035W:1	78.42861	automatically added
YER024W	CRNOAT_c	YER024W:1	104.21969	automatically added
YML042W	CRNOAT_x,CRNOAT_m	YML042W:1	77.89711	automatically added
YBR132C	CRNt_e,SPMDtpa_e	YBR132C:1	67.83825	automatically added
YPR062W	CSND_c	YPR062W:1	17.64379	automatically added
YNR001C	CS_m	YNR001C:1	53.82265	automatically added
YCR005C	CS_x	YCR005C:1	51.84683	automatically added
YJR103W	CTPS2_c	YJR103W:1	65.04888	automatically added
YBL039C	CTPS2_c	YBL039C:1	65.25363	automatically added
YBR192W	CTPt2_m,CTPCMPt_c_m,UTPt_c_m,UTPUMPtp_m,CMPt_m_mm,CTPt_m_mm	YBR192W:1	42.47834	automatically added
YKL087C	CYCCL_m	YKL087C:1	26.28087	automatically added
YAL039C	CYCCL_m	YAL039C:1	30.32166	automatically added
YFR044C	CYSGLYP_c	YFR044C:1	53.3229	automatically added
YCR075C	CYSItps_v	YCR075C:1	30.36303	automatically added
YLR303W	CYSS_c,AHSERL_c,AHSERL2_c	YLR303W:1	49.08808	automatically added
YAL012W	CYSTGL_c,SHSL1_c	YAL012W:1	42.91061	automatically added
YNL247W	CYSTRS_c	YNL247W:1	88.27338	automatically added
YGR155W	CYSTS_c	YGR155W:1	56.50733	automatically added
YBR069C	CYStps_e,HIStps_e,ILEtps_e,LEUtps_e,THRtps_e,TRPtps_e,TYRtps_e,VALtps_e	YBR069C:1	69.35993	automatically added
YNR012W	CYTDK2_c,URIK1_c,URIK2_c	YNR012W:1	56.77966	automatically added
YLR245C	CYTD_c,DCYTD_c	YLR245C:1	15.65994	automatically added
YOR311C	DAGK_rm	YOR311C:1	33.11582	automatically added
YDR058C	DAGL_m	YDR058C:1	37.8128	automatically added
YDR487C	DB4PS_c	YDR487C:1	22.75044	automatically added
YNR057C	DBTS_c	YNR057C:1	26.46354	automatically added
YHR144C	DCMPDA_c,DCTPD_c	YHR144C:1	35.94276	automatically added
YBR249C	DDPA_c	YBR249C:1	40.09877	automatically added
YDR035W	DDPA_c	YDR035W:1	41.42157	automatically added
YOR245C	DGAT_rm,DGAT_l	YOR245C:1	48.13191	automatically added
YDR454C	DGK1_c,GK1_c,GK2_c	YDR454C:1	20.80616	automatically added
YJR016C	DHAD1_m,DHAD2_m	YJR016C:1	63.42966	automatically added
YFL053W	DHAK_c	YFL053W:1	62.69505	automatically added
YML070W	DHAK_c	YML070W:1	62.75704	automatically added
YKR067W	DHAPAT_rm,DHAPAT_l,G3PAT_rm,G3PAT_l	YKR067W:1	84.39832	automatically added
YBL011W	DHAPAT_rm,G3PAT_rm	YBL011W:1	86.43264	automatically added
YPL087W	DHCRD124_r,DHCRD126_r,DHCRD2A24_r,DHCRD2A26_r	YPL087W:1	37.52844	automatically added
YOR236W	DHFRi_c,DHFRi_m	YOR236W:1	24.45482	automatically added
YMR113W	DHFS_1_c	YMR113W:1	48.25568	automatically added
YKL216W	DHORDfum_c	YKL216W:1	35.09357	automatically added
YLR420W	DHORTS_c	YLR420W:1	40.65295	automatically added
YOL066C	DHPPDA2_c	YOL066C:1	67.59907	automatically added
YDR127W	DHQTi_c,DHQS_c,PSCIT_c,SHK3Di_c,SHKK_c	YDR127W:1	176.29736	automatically added
YLR172C	DIPS_c	YLR172C:1	34.11201	automatically added
YEL038WYMR009W	DKMPPD_c	YEL038W:1,YMR009W:1	46.422219999999996	automatically added
YJL167W	DMATT_c,GRTT_c	YJL167W:1	40.808	automatically added
YDL100C	DNMPPA_c	YDL100C:1	39.67227	automatically added
YMR013C	DOLK_c	YMR013C:1	59.41672	automatically added
YJR143C	DOLPMMT_r	YJR143C:1	88.70226	automatically added
YDL093WYOR321W	DOLPMMT_r	YDL093W:1,YOR321W:1	172.55379	automatically added
YDL095WYOR321W	DOLPMMT_r	YDL095W:1,YOR321W:1	180.51429000000002	automatically added
YAL023CYDL095W	DOLPMMT_r	YAL023C:1,YDL095W:1	181.07434999999998	automatically added
YPR183W	DOLPMT_c	YPR183W:1	30.61197	automatically added
YDR196C	DPCOAK_m	YDR196C:1	27.56658	automatically added
YKL152C	DPGM_c,PGM_c	YKL152C:1	27.84036	automatically added
YNR043W	DPMVD_c	YNR043W:1	44.48547	automatically added
YHR063C	DPR_c	YHR063C:1	43.17886	automatically added
YBR153W	DRAPPRy_c	YBR153W:1	27.33992	automatically added
YCR036W	DRBK_c,RBK_c	YCR036W:1	37.2276	automatically added
YJR057W	DTMPK_c	YJR057W:1	24.88109	automatically added
YBR252W	DUTPDP_c	YBR252W:1	15.43613	automatically added
YJR069C	DUTPDP_c,DNTPPY1_c,DNTPPY2_c,DNTPPY3_c	YJR069C:1	22.26674	automatically added
YHR068W	DXHPS_c	YHR068W:1	43.25185	automatically added
YBR026C	EAR40y_m,EAR60y_m,EAR80y_m	YBR026C:1	42.43544	automatically added
YLR284C	ECOAI101a_x,ECOAI122c_x,ECOAI121b_x,ECOAI121a_x,ECOAI142c_x,ECOAI141a_x	YLR284C:1	31.96312	automatically added
YOR180C	ECOAI5d_x,ECOAI6d_x	YOR180C:1	30.31463	automatically added
YNL202W	ECOAR122_x,ECOAR142_x	YNL202W:1	31.39068	automatically added
YDL015C	ECOAR200_rm,ECOAR220_rm,ECOAR240_rm,ECOAR260_rm	YDL015C:1	37.07445	automatically added
YGR254W	ENO_c	YGR254W:1	47.2297	automatically added
YHR174W	ENO_c	YHR174W:1	47.32373	automatically added
YMR323W	ENO_c	YMR323W:1	47.71715	automatically added
YOR393W	ENO_c	YOR393W:1	47.73011	automatically added
YPL281C	ENO_c	YPL281C:1	47.73011	automatically added
YDR452W	ENPP_c	YDR452W:1	78.99554	automatically added
YJR153W	EPGALURS_e	YJR153W:1	37.63341	automatically added
YOR011W	EPISTt_c_e,FECOSTt_e,FECOSTt_en,LANOSTt_c_e,ZYMSTt_e_en,ZYMSTt_c_en	YOR011W:1	159.12231	automatically added
YIL013C	EPISTt_c_e,FECOSTt_e,FECOSTt_en,LANOSTt_c_e,ZYMSTt_e_en,ZYMSTt_c_en	YIL013C:1	161.91882	automatically added
YLR189C	ERGSTGLCT_c	YLR189C:1	137.2321	automatically added
YGR207CYOR356WYPR004C	ETFOXRq6_m	YGR207C:1,YOR356W:1,YPR004C:1	136.38616	automatically added
YDR147W	ETHAK_c	YDR147W:1	62.15834	automatically added
YHR123W	ETHAPT_rm,CHOLPT_rm	YHR123W:1	44.92724	automatically added
YKL188CYPL147W	FACOA120tabc_x,FACOA140tabc_x,FACOA160tabc_x,FACOA161tabc_x,FACOA180tabc_x,FACOA181tabc_x,FACOA200tabc_x,FACOA220tabc_x,FACOA240tabc_x,FACOA260tabc_x,DDCAt_c_x	YKL188C:1,YPL147W:1	198.88328	automatically added
YJR019C	FACOAE100_x,FACOAE120_x,FACOAE160_x,FACOAE140_x,FACOAE180_x,FACOAE80_x,FACOAE40_x,FACOAE60_x,FACOAE161_x,FACOAE181_x	YJR019C:1	40.5943	automatically added
YER015W	FACOAL100_x,FACOAL120_x,FACOAL160_x,FACOAL80_x,FACOAL140_x,FACOAL161_x,FACOAL180_x,FACOAL181_x	YER015W:1	84.16516	automatically added
YOR317W	FACOAL120_rm,FACOAL140_rm,FACOAL160_rm,FACOAL161_rm,FACOAL180_rm,FACOAL181_rm,FACOAL120_l,FACOAL140_l,FACOAL160_l,FACOAL161_l,FACOAL180_l,FACOAL181_l	YOR317W:1	78.54853	automatically added
YMR246W	FACOAL140_rm,FACOAL160_rm,FACOAL161_rm,FACOAL180_rm,FACOAL181_rm,FACOAL140_l,FACOAL160_l,FACOAL161_l,FACOAL180_l,FACOAL181_l	YMR246W:1	77.93535	automatically added
YIL009W	FACOAL200_en,FACOAL220_en,FACOAL240_en,FACOAL260_en	YIL009W:1	78.63896	automatically added
YBR041W	FACOAL220_l,FACOAL240_l,FACOAL260_l	YBR041W:1	77.79707	automatically added
YIL134W	FADH2t_c_m,FADt_c_m	YIL134W:1	34.71997	automatically added
YKL060C	FBA2_c,FBA_c,FBA3_c	YKL060C:1	39.94933	automatically added
YJL155C	FBP2_c	YJL155C:1	53.0264	automatically added
YLR345W	FBP2_c	YLR345W:1	58.86816	automatically added
YLR377C	FBP_c	YLR377C:1	38.58513	automatically added
YOR176W	FCLT_m	YOR176W:1	44.97875	automatically added
YOR388C	FDH_c	YOR388C:1	42.06685	automatically added
YMR319C	FE2t_c_e	YMR319C:1	63.31121	automatically added
YMR058W	FE2t_c_e	YMR058W:1	72.92685	automatically added
YKR052C	FE2t_c_m	YKR052C:1	33.59528	automatically added
YJL133W	FE2t_c_m	YJL133W:1	34.80131	automatically added
Q0045Q0250Q0275YDL067CYGL187CYGL191WYHR051WYJR048WYLR038CYLR395CYMR256CYNL052W	FECOOR_m	Q0045:1,Q0250:1,Q0275:1,YDL067C:1,YGL187C:1,YGL191W:1,YHR051W:1,YJR048W:1,YLR038C:1,YLR395C:1,YMR256C:1,YNL052W:1	230.96274000000003	automatically added
Q0045Q0250Q0275YDL067CYGL187CYGL191WYHR051WYIL111WYJR048WYLR038CYLR395CYMR256C	FECOOR_m	Q0045:1,Q0250:1,Q0275:1,YDL067C:1,YGL187C:1,YGL191W:1,YHR051W:1,YIL111W:1,YJR048W:1,YLR038C:1,YLR395C:1,YMR256C:1	231.01795000000004	automatically added
Q0045Q0250Q0275YDL067CYEL039CYGL187CYGL191WYHR051WYLR038CYLR395CYMR256CYNL052W	FECOOR_m	Q0045:1,Q0250:1,Q0275:1,YDL067C:1,YEL039C:1,YGL187C:1,YGL191W:1,YHR051W:1,YLR038C:1,YLR395C:1,YMR256C:1,YNL052W:1	231.31808000000004	automatically added
Q0045Q0250Q0275YDL067CYEL039CYGL187CYGL191WYHR051WYIL111WYLR038CYLR395CYMR256C	FECOOR_m	Q0045:1,Q0250:1,Q0275:1,YDL067C:1,YEL039C:1,YGL187C:1,YGL191W:1,YHR051W:1,YIL111W:1,YLR038C:1,YLR395C:1,YMR256C:1	231.37329000000005	automatically added
Q0045Q0250Q0275YDL067CYDR231CYGR062CYHR116WYJL003WYLL018C-AYPL132W	FECOOR_m	Q0045:1,Q0250:1,Q0275:1,YDL067C:1,YDR231C:1,YGR062C:1,YHR116W:1,YJL003W:1,YLL018C-A:1,YPL132W:1	251.59820000000002	automatically added
YJR048WYKR066C	FECPOR_m	YJR048W:1,YKR066C:1	52.97136	automatically added
YEL039CYKR066C	FECPOR_m	YEL039C:1,YKR066C:1	53.326699999999995	automatically added
Q0105YBL045CYDR529CYEL024WYFR033CYGR183CYHR001W-AYJL166WYJR048WYOR065WYPR191W	FECRq6_m	Q0105:1,YBL045C:1,YDR529C:1,YEL024W:1,YFR033C:1,YGR183C:1,YHR001W-A:1,YJL166W:1,YJR048W:1,YOR065W:1,YPR191W:1	264.95636	automatically added
Q0105YBL045CYDR529CYEL024WYEL039CYFR033CYGR183CYHR001W-AYJL166WYOR065WYPR191W	FECRq6_m	Q0105:1,YBL045C:1,YDR529C:1,YEL024W:1,YEL039C:1,YFR033C:1,YGR183C:1,YHR001W-A:1,YJL166W:1,YOR065W:1,YPR191W:1	265.31170000000003	automatically added
YDR428C	FKYNH_c	YDR428C:1	30.226	automatically added
YDR538W	FLPT_c	YDR538W:1	26.96714	automatically added
YBL013W	FMETTRS_m,FMETTRS_c	YBL013W:1	45.01747	automatically added
YLR011W	FMNRx_c,FMNRx2_c	YLR011W:1	21.44942	automatically added
YNL065W	FORt_c_e,GLXt_c_e,BUTt_c_e,HXAt_c_e	YNL065W:1	65.87774	automatically added
YEL047C	FRD_c	YEL047C:1	51.28959	automatically added
YJR051W	FRD_m	YJR051W:1	55.55566	automatically added
YDL090CYKL019W	FRTT4HBZ_c	YDL090C:1,YKL019W:1	86.38580999999999	automatically added
YPL069C	FRTT_c	YPL069C:1	38.95806	automatically added
YDL193WYMR101C	FRTT_l,GGTT_l,PPTT_l,PRENT6_l,PRENT7_l,PRENT8_l,PRENT9_l,PRENT10_l,PRENT11_l,PRENT12_l,PRENT13_l,PRENT14_l,PRENT15_l,PRENT16_l,PRENT17_l,PRENT18_l,PRENT19_l,PRENT20_l,PRENT21_l	YDL193W:1,YMR101C:1	83.45240000000001	automatically added
YFL011W	FRUtps_e,GALtps_e,MANtps_e,GLCt_c_e,SRBt_c_e	YFL011W:1	61.20245	automatically added
YOL156W	FRUtps_e,GALtps_e,MANtps_e,GLCt_c_e,SRBt_c_e	YOL156W:1	63.28802	automatically added
YJL219W	FRUtps_e,GALtps_e,MANtps_e,GLCt_c_e,SRBt_c_e	YJL219W:1	63.41103	automatically added
YDR342C	FRUtps_e,MANtps_e,GLCt_c_e,ARABDt_c,ARABLt_c,SRBt_c_e,RIBt_c_e	YDR342C:1	63.28848	automatically added
YHR092C	FRUtps_e,MANtps_e,GLCt_c_e,ARABDt_c,XYLt_c_e,ARABLt_c,SRBt_c_e,RIBt_c_e	YHR092C:1	64.46535	automatically added
YEL069C	FRUtps_e,MANtps_e,GLCt_c_e,SBTDt_c_e,SBTLt_c_e,SRBt_c_e	YEL069C:1	63.27959	automatically added
YNR072W	FRUtps_e,MANtps_e,GLCt_c_e,SBTDt_c_e,SBTLt_c_e,SRBt_c_e	YNR072W:1	63.37269	automatically added
YJR158W	FRUtps_e,MANtps_e,GLCt_c_e,SBTDt_c_e,SBTLt_c_e,SRBt_c_e	YJR158W:1	63.47282	automatically added
YDL245C	FRUtps_e,MANtps_e,GLCt_c_e,SBTDt_c_e,SBTLt_c_e,SRBt_c_e,XYLTt_c_e	YDL245C:1	63.4849	automatically added
YMR011W	FRUtps_e,MANtps_e,GLCt_c_e,SRBt_c_e	YMR011W:1	60.36908	automatically added
YDR345C	FRUtps_e,MANtps_e,GLCt_c_e,SRBt_c_e	YDR345C:1	63.10593	automatically added
YDR343C	FRUtps_e,MANtps_e,GLCt_c_e,SRBt_c_e	YDR343C:1	63.25846	automatically added
YHR094C	FRUtps_e,MANtps_e,GLCt_c_e,SRBt_c_e	YHR094C:1	63.81371	automatically added
YJL214W	FRUtps_e,MANtps_e,GLCt_c_e,SRBt_c_e	YJL214W:1	64.03581	automatically added
YHR096C	FRUtps_e,MANtps_e,GLCt_c_e,SRBt_c_e	YHR096C:1	66.82674	automatically added
YER183C	FTHFCL_m	YER183C:1	24.24956	automatically added
YGR204W	FTHFL_c,MTHFC_c,MTHFD_c	YGR204W:1	103.12519	automatically added
YBR084W	FTHFL_m,MTHFC_m,MTHFD_m	YBR084W:1	107.18367	automatically added
YPL262W	FUM_m,FUM_c	YPL262W:1	53.62545	automatically added
YDL022W	G3PD1r_c	YDL022W:1	43.22635	automatically added
YOL059W	G3PD1r_c,G3PD1i_m	YOL059W:1	49.8392	automatically added
YIL155C	G3PDf_m	YIL155C:1	73.02123	automatically added
YCR098C	G3PIt_c_e,G3PCt_c_e,G3PCt_c_en,G3PIt_c_en	YCR098C:1	57.82808	automatically added
YER062C	G3PT_c	YER062C:1	28.04146	automatically added
YIL053W	G3PT_c	YIL053W:1	28.1706	automatically added
YOR323C	G5SDy_c	YOR323C:1	50.16593	automatically added
YNL241C	G6PDH2i_c	YNL241C:1	58.00096	automatically added
YBR020W	GALKi_c	YBR020W:1	58.4498	automatically added
YHL012W	GALUi_c	YHL012W:1	56.45961	automatically added
YKL035W	GALUi_c	YKL035W:1	56.46738	automatically added
YNL318C	GALtps_e	YNL318C:1	61.501	automatically added
YLR081W	GALtps_e,GLCt_c_e	YLR081W:1	64.18134	automatically added
YDR536W	GALtps_e,GLCt_c_e,GLYCtps_e	YDR536W:1	64.07809	automatically added
YGR192C	GAPD_c	YGR192C:1	36.05828	automatically added
YJL052W	GAPD_c	YJL052W:1	36.06559	automatically added
YJR009C	GAPD_c	YJR009C:1	36.15847	automatically added
YDR408C	GARFT_c	YDR408C:1	23.73201	automatically added
YGL225W	GDPMANt_c_g,GDPMANNt_c_g	YGL225W:1	37.34842	automatically added
YMR084W	GF6PTA_c	YMR084W:1	29.5089	automatically added
YKL104C	GF6PTA_c	YKL104C:1	80.73298	automatically added
YLR058C	GHMT2r_c	YLR058C:1	52.66798	automatically added
YBR263W	GHMT2r_m	YBR263W:1	54.16403	automatically added
YPR184W	GLCGSD_c	YPR184W:1	176.44462	automatically added
YIL099W	GLCGSD_v	YIL099W:1	61.96912	automatically added
YDR248C	GLCNK_c	YDR248C:1	22.34849	automatically added
YPR160W	GLCP_c	YPR160W:1	104.13414	automatically added
YDR387C	GLCt_c_e	YDR387C:1	62.04941	automatically added
YJR160C	GLCt_c_e,MALTtps_e	YJR160C:1	67.84531	automatically added
YDL247W	GLCt_c_e,MALTtps_e	YDL247W:1	68.79165	automatically added
YBR241C	GLCt_c_v	YBR241C:1	53.99447	automatically added
YGL104C	GLCt_c_v	YGL104C:1	54.81292	automatically added
YPR035W	GLNS_c	YPR035W:1	42.11058	automatically added
YOR168W	GLNTRS_c	YOR168W:1	93.9299	automatically added
YDR300C	GLU5K_c	YDR300C:1	47.56765	automatically added
YJL101C	GLUCYS_c	YJL101C:1	78.89974	automatically added
YMR250W	GLUDC_c	YMR250W:1	66.54536	automatically added
YDL215C	GLUDxi_c	YDL215C:1	125.37863	automatically added
YOR375C	GLUDy_c	YOR375C:1	49.99942	automatically added
YAL062W	GLUDy_c	YAL062W:1	50.05763	automatically added
YFL060C	GLUN_c	YFL060C:1	25.33566	automatically added
YNL334C	GLUN_c	YNL334C:1	25.41073	automatically added
YMR300C	GLUPRT_c	YMR300C:1	57.20372	automatically added
YDL171C	GLUSx_c	YDL171C:1	240.20357	automatically added
YGL105WYGL245W	GLUTRS_c	YGL105W:1,YGL245W:1	123.97466	automatically added
YOL033W	GLUTRS_m	YOL033W:1	62.13792	automatically added
YBR104W	GLUt_c_m	YBR104W:1	36.87487	automatically added
YOR120W	GLYCDy_c	YOR120W:1	35.37385	automatically added
YAL044CYDR019CYFL018CYMR189W	GLYCL_m	YAL044C:1,YDR019C:1,YFL018C:1,YMR189W:1	233.74539	automatically added
YFL054C	GLYCt_e	YFL054C:1	71.13871	automatically added
YLL043W	GLYCt_e,XYLTt_c_e	YLL043W:1	74.52261	automatically added
YGL084C	GLYCtps_e	YGL084C:1	65.90032	automatically added
YJL137CYLR258W	GLYGS_c	YJL137C:1,YLR258W:1	125.6474	automatically added
YFR015CYJL137C	GLYGS_c	YFR015C:1,YJL137C:1	126.07875	automatically added
YKR058WYLR258W	GLYGS_c	YKR058W:1,YLR258W:1	151.00181	automatically added
YFR015CYKR058W	GLYGS_c	YFR015C:1,YKR058W:1	151.43316	automatically added
YHL032C	GLYK_c	YHL032C:1	80.51868	automatically added
YDR272W	GLYOX_c	YDR272W:1	31.57618	automatically added
YOR040W	GLYOX_m	YOR040W:1	32.60551	automatically added
YPR081C	GLYTRS_c	YPR081C:1	71.61775	automatically added
YBR121C	GLYTRS_c	YBR121C:1	75.97305	automatically added
YPR058W	GLYt_c_m	YPR058W:1	33.67442	automatically added
YDL119C	GLYt_c_m	YDL119C:1	34.51044	automatically added
YKR039W	GLYtps_e,ALAtps_e,ARGtps_e,ASNtps_e,ASPtps_e,CYStps_e,GLUtps_e,GLNtps_e,HIStps_e,ILEtps_e,LEUtps_e,LYStps_e,METtps_e,PHEtps_e,PROtps_e,SERtps_e,THRtps_e,TRPtps_e,TYRtps_e,VALtps_e,ORNtps_e,SPMDtpa_e,SERt_c_r,SERt_c_rm	YKR039W:1	66.24395	automatically added
YPL265W	GLYtps_e,ALAtps_e,ASNtps_e,ASPtps_e,GLUtps_e,GLNtps_e,SERtps_e	YPL265W:1	68.69977	automatically added
YCL025C	GLYtps_e,ALAtps_e,ASNtps_e,CYStps_e,GLUtps_e,GLNtps_e,ILEtps_e,LEUtps_e,METtps_e,PHEtps_e,SERtps_e,THRtps_e,TYRtps_e,VALtps_e	YCL025C:1	70.28271	automatically added
YOL020W	GLYtps_e,ALAtps_e,CYStps_e,PHEtps_e,TRPtps_e,TYRtps_e	YOL020W:1	65.98487	automatically added
YMR217W	GMPS2_c	YMR217W:1	58.97963	automatically added
YHR183W	GND_c	YHR183W:1	54.00976	automatically added
YGR256W	GND_c	YGR256W:1	54.39535	automatically added
YPL110C	GPDDA1pp_c	YPL110C:1	139.20499	automatically added
YMR281W	GPIA2_r	YMR281W:1	35.73661	automatically added
YJL091C	GPIA3_r	YJL091C:1	55.95582	automatically added
YCL052CYJR013W	GPIA5_r	YCL052C:1,YJR013W:1	95.87048	automatically added
YKL165C	GPIA6_r	YKL165C:1	106.58316	automatically added
YBR004CYNL158W	GPIA7_r	YBR004C:1,YNL158W:1	73.753	automatically added
YGL142C	GPIA8_r	YGL142C:1	73.16706	automatically added
YDR302W	GPIA9_r	YDR302W:1	25.4727	automatically added
YLL031C	GPIA9_r	YLL031C:1	116.61923	automatically added
YER163C	GTHCT_c	YER163C:1	26.49923	automatically added
YBR281CYNL191W	GTHH_c	YBR281C:1,YNL191W:1	139.42303	automatically added
YCL035CYPL091W	GTHO_c	YCL035C:1,YPL091W:1	66.37239	automatically added
YDR513WYPL091W	GTHO_c	YDR513W:1,YPL091W:1	69.89267	automatically added
YER174CYPL091W	GTHO_c	YER174C:1,YPL091W:1	81.60691	automatically added
YDR098CYPL091W	GTHO_c	YDR098C:1,YPL091W:1	82.37128	automatically added
YPL059WYPL091W	GTHO_m	YPL059W:1,YPL091W:1	70.96363	automatically added
YPL091W	GTHP_c	YPL091W:1	53.90634	automatically added
YBL064C	GTHP_m	YBL064C:1	29.74354	automatically added
YJL212C	GTHRDt_c_e,GTHOXt_c_e	YJL212C:1	92.40955	automatically added
YLL015W	GTHRDt_c_v	YLL015W:1	178.4156	automatically added
YDR135C	GTHRDtabc_v,GTHRDt_c_v	YDR135C:1	172.62982	automatically added
YOL049W	GTHS_c	YOL049W:1	56.28062	automatically added
YLR299W	GTMLT_c	YLR299W:1	73.80474	automatically added
YBL033C	GTPCII2_c	YBL033C:1	38.65152	automatically added
YGR267C	GTPCI_c	YGR267C:1	27.99284	automatically added
YDL198C	GTPGDPtp_m	YDL198C:1	33.51624	automatically added
YDL238C	GUAD_1_c	YDL238C:1	55.66189	automatically added
YDR399W	GUAPRT_c,HXPRT_c	YDR399W:1	25.38746	automatically added
YKR009C	HACD140i_x,ECOAH100_x,ECOAH120_x,ECOAH140_x,ECOAH160_x,ECOAH180_x,ECOAH260_x,ECOAH40_x,ECOAH60_x,ECOAH80_x,ECOAH200_x,ECOAH220_x,ECOAH240_x,ECOAH161b_x,ECOAH141b_x,ECOAH121a_x,ECOAH181a_x,ECOAH161c_x,ECOAH141c_x,HACD100i_x,HACD120i_x,HACD160i_x,HACD180i_x,HACD260i_x,HACD40i_x,HACD60i_x,HACD80i_x,HACD200i_x,HACD220i_x,HACD240i_x,HACD161bi_x,HACD141bi_x,HACD121ai_x,HACD181ai_x,HACD161ai_x,HACD141ai_x	YKR009C:1	99.59924	automatically added
YJL200C	HACNH_m	YJL200C:1	87.34938	automatically added
YNR041C	HBZOPT6_m	YNR041C:1	41.37933	automatically added
YDR234W	HCITR_m,HACNH_m	YDR234W:1	75.82409	automatically added
YDL182W	HCITS_c	YDL182W:1	47.50743	automatically added
YDL131W	HCITS_m	YDL131W:1	49.00768	automatically added
YNL036W	HCO3E_c	YNL036W:1	25.05994	automatically added
YPL273W	HCYSMT_c	YPL273W:1	36.96517	automatically added
YLL062C	HCYSMT_c	YLL062C:1	37.01044	automatically added
YPL172C	HEMEOS_m	YPL172C:1	52.61933	automatically added
YPL214C	HETZK_c,TMPPP_c	YPL214C:1	58.57319	automatically added
YCL040W	HEX1_c	YCL040W:1	55.84789	automatically added
YLR446W	HEX7_c,HEX1_c,HEX4_c	YLR446W:1	49.37482	automatically added
YFR053C	HEX7_c,HEX1_c,HEX4_c	YFR053C:1	54.19087	automatically added
YGL253W	HEX7_c,HEX1_c,HEX4_c	YGL253W:1	54.39791	automatically added
YIL094C	HICITD_m	YIL094C:1	40.42359	automatically added
YCL030C	HISTD_c,PRAMPC_c,PRATPP_c	YCL030C:1	88.47645	automatically added
YFR025C	HISTP_c	YFR025C:1	38.88438	automatically added
YPR033C	HISTRS_c,HISTRS_m	YPR033C:1	60.48112	automatically added
YCL069W	HIStpa_v,LYStpa_v	YCL069W:1	50.67595	automatically added
YMR088C	HIStpa_v,LYStpa_v	YMR088C:1	63.19293	automatically added
YGR191W	HIStps_e,MN2tps_c_e,MG2tps_c_e	YGR191W:1	66.59073	automatically added
YLR231C	HKYNH_c,KYN_c	YLR231C:1	51.44852	automatically added
YML075C	HMGCOAR_c	YML075C:1	116.66566	automatically added
YLR450W	HMGCOAR_c	YLR450W:1	116.719	automatically added
YML126C	HMGCOAS_c,HMGCOAS_m	YML126C:1	55.48993	automatically added
YOL055C	HMPK1_c,PMPK_c	YOL055C:1	61.79172	automatically added
YPL258C	HMPK1_c,PMPK_c	YPL258C:1	61.85367	automatically added
YPR121W	HMPK1_c,PMPK_c	YPR121W:1	63.84042	automatically added
YDR376WYER141WYPL252C	HOMOX_m	YDR376W:1,YER141W:1,YPL252C:1	130.95812	automatically added
YNL256W	HPPK2_m,DHNPA2i_m,DHPTS_m,FOLD3_m	YNL256W:1	93.91312	automatically added
YER023W	HPRORy_c,P5CR_c	YER023W:1	30.3936	automatically added
YJR139C	HSDx_c,HSDy_c	YJR139C:1	38.84273	automatically added
YNL277W	HSERTA_c	YNL277W:1	54.11596	automatically added
YHR025W	HSK_c	YHR025W:1	39.04411	automatically added
YIL116W	HSTPT_c	YIL116W:1	43.0097	automatically added
YNL037CYOR136W	ICDHx_m	YNL037C:1,YOR136W:1	79.76373	automatically added
YLR174W	ICDHy_c	YLR174W:1	46.94877	automatically added
YNL009W	ICDHy_x	YNL009W:1	48.26898	automatically added
YDL066W	ICDHyi_m	YDL066W:1	48.60599	automatically added
YER065C	ICL_1_c	YER065C:1	62.93718	automatically added
YBR248C	IG3PS_c	YBR248C:1	61.58738	automatically added
YOR202W	IGPDH_c	YOR202W:1	24.02796	automatically added
YKL211C	IGPS_c	YKL211C:1	53.95092	automatically added
YBL076C	ILETRS_c	YBL076C:1	124.0181	automatically added
YPL040C	ILETRS_m	YPL040C:1	116.78262	automatically added
YCL038C	ILEt_c_v,LEUt_c_v,TYRt_c_v	YCL038C:1	59.3572	automatically added
YMR120C	IMPC_c,AICART_c	YMR120C:1	65.83073	automatically added
YLR028C	IMPC_c,AICART_c	YLR028C:1	65.84879	automatically added
YML056C	IMPD_c	YML056C:1	56.90344	automatically added
YHR216W	IMPD_c	YHR216W:1	57.04044	automatically added
YLR432W	IMPD_c	YLR432W:1	57.08929	automatically added
YDR497C	INOSTtps_e	YDR497C:1	64.13104	automatically added
YOL103W	INOSTtps_e	YOL103W:1	67.30552	automatically added
YDR367WYKL004W	IPCS_g	YDR367W:1,YKL004W:1	71.25748	automatically added
YPL117C	IPDDI_c	YPL117C:1	33.60111	automatically added
YDR315C	IPK1_n	YDR315C:1	33.18269	automatically added
YDR173C	IPK2_n,IPK3_n,IPK4_n,IPK5_n	YDR173C:1	40.66248	automatically added
YCL018W	IPMD_c	YCL018W:1	39.29162	automatically added
YGL009C	IPPMIb_c,IPPMIa_c	YGL009C:1	86.53761	automatically added
YOR108W	IPPS_c	YOR108W:1	67.78058	automatically added
YNL104C	IPPS_c,IPPS_m	YNL104C:1	68.99819	automatically added
YDR017C	IPPYP1_c,PMI12346PS_c,IPPYP4_c,PMI1346PS_c	YDR017C:1	120.56792	automatically added
YDR072C	IPT_g	YDR072C:1	61.38258	automatically added
YGR244CYOR142W	ITCOAL_m,SUCOAS_m	YGR244C:1,YOR142W:1	82.65551	automatically added
YLR355C	KARA1i_m,KARA2i_m	YLR355C:1	44.753	automatically added
YER061CYKL192C	KAS14_m,3OAS60_m,3OAS80_m	YER061C:1,YKL192C:1	62.02735	automatically added
YBL098W	KYN3OX_c	YBL098W:1	52.8761	automatically added
YJL129C	Ktps_e	YJL129C:1	142.29788	automatically added
YDR456W	Ktps_e,NAtpa_e	YDR456W:1	70.73824	automatically added
YKL217W	LACDtps_e,LACt_c_m,LACLtps_e,PYRtps_e	YKL217W:1	69.96455	automatically added
YOL151W	LALDO3_c,LCADi_c	YOL151W:1	38.48609	automatically added
YEL071W	LDHDf_c	YEL071W:1	55.69843	automatically added
YPL160W	LEUTRS_c	YPL160W:1	125.19036	automatically added
YLR382C	LEUTRS_m	YLR382C:1	102.80349	automatically added
YML004C	LGTHL_c	YML004C:1	37.51247	automatically added
YJR048WYML054C	LLFC2O_c	YJR048W:1,YML054C:1	78.39881	automatically added
YEL039CYML054C	LLFC2O_c	YEL039C:1,YML054C:1	78.75415	automatically added
YHR007CYHR042W	LNS14DMy_c	YHR007C:1,YHR042W:1	138.65757	automatically added
YHR072W	LNSTLS_c	YHR072W:1	84.16352	automatically added
YBR042C	LPIAT_rm	YBR042C:1	45.90783	automatically added
YNL045W	LTA4H_c,LTA4H_n,LTA4H2_c,LTA4H2_n,LTA4H3_c,LTA4H3_n	YNL045W:1	77.99494	automatically added
YDR037W	LYSTRS_c	YDR037W:1	68.51792	automatically added
YNL073W	LYSTRS_m	YNL073W:1	66.69773	automatically added
YNL268W	LYStps_e	YNL268W:1	68.67996	automatically added
YJL153C	M1PS_c	YJL153C:1	60.14742	automatically added
YKL094W	MAGL_l	YKL094W:1	35.86024	automatically added
YIR031C	MALS_c	YIR031C:1	63.32141	automatically added
YNL117W	MALS_c,MALS_x	YNL117W:1	63.32452	automatically added
YJL216C	MALT_c	YJL216C:1	68.10004	automatically added
YGR292W	MALT_c	YGR292W:1	68.64334	automatically added
YBR299W	MALT_c	YBR299W:1	68.69138	automatically added
YGR287C	MALT_c	YGR287C:1	69.14168	automatically added
YIL172C	MALT_c	YIL172C:1	69.2508	automatically added
YJL221C	MALT_c	YJL221C:1	69.2508	automatically added
YBR298C	MALTtps_e	YBR298C:1	68.85323	automatically added
YGR289C	MALTtps_e,TREtps_e	YGR289C:1	68.57263	automatically added
YLR348C	MALt2_m,SUCCt2_m,PIt_m_mm	YLR348C:1	33.28533	automatically added
YDL055C	MAN1PT_c	YDL055C:1	39.9045	automatically added
YER003C	MAN6PI_c	YER003C:1	48.58932	automatically added
YPR006C	MCITL2_m	YPR006C:1	65.53238	automatically added
YPR001W	MCITS_m,CS_m	YPR001W:1	54.28485	automatically added
YKL192CYOR221C	MCOATA_m	YKL192C:1,YOR221C:1	55.091429999999995	automatically added
YOL126C	MDH_c	YOL126C:1	41.08647	automatically added
YKL085W	MDH_m	YKL085W:1	35.96769	automatically added
YDL078C	MDH_x	YDL078C:1	37.51791	automatically added
YJR024C	MDRPD_c	YJR024C:1	27.64866	automatically added
YKL029C	ME1_m,ME2_m	YKL029C:1	75.0303	automatically added
YLR180W	METAT_c	YLR180W:1	42.16686	automatically added
YDR502C	METAT_c	YDR502C:1	42.61046	automatically added
YJR130C	METB1_c	YJR130C:1	72.96077	automatically added
YGL105WYGR264C	METTRS_c	YGL105W:1,YGR264C:1	128.8429	automatically added
YGR171C	METTRS_m	YGR171C:1	67.30084	automatically added
YHL036W	METtps_e	YHL036W:1	61.15611	automatically added
YGR055W	METtps_e	YGR055W:1	63.77757	automatically added
YMR208W	MEVK1_c,MEVK2_c,MEVK3_c,MEVK4_c	YMR208W:1	48.87204	automatically added
YPL060W	MG2t_c_m	YPL060W:1	47.48261	automatically added
YOR334W	MG2t_c_m	YOR334W:1	54.67245	automatically added
YOL130W	MG2tps_c_e	YOL130W:1	96.69946	automatically added
YER091C	MHPGLUT_c,METS_c	YER091C:1	86.60105	automatically added
YDR287W	MI1PP_c	YDR287W:1	32.35922	automatically added
YHR046C	MI1PP_c	YHR046C:1	33.09177	automatically added
YBR036CYBR161W	MIPCS_g	YBR036C:1,YBR161W:1	90.58427	automatically added
YBR036CYPL057C	MIPCS_g	YBR036C:1,YPL057C:1	91.0164	automatically added
YLL061W	MMETtps_e	YLL061W:1	64.78619	automatically added
YEL031W	MN2tabc_c_r	YEL031W:1	136.45443	automatically added
YLR017W	MTAP_c	YLR017W:1	38.17627	automatically added
YKR080W	MTHFD2i_c	YKR080W:1	36.54023	automatically added
YGL125W	MTHFR3_c	YGL125W:1	69.12449	automatically added
YPL023C	MTHFR3_c	YPL023C:1	74.55483	automatically added
YBR176W	MTMOHT_m	YBR176W:1	34.76165	automatically added
YPR118W	MTRI_c	YPR118W:1	45.39882	automatically added
YBR235W	NA1CLKt_c_v	YBR235W:1	125.11151	automatically added
YDR038C	NA1tabc_c_e	YDR038C:1	121.3409	automatically added
YDR039C	NA1tabc_c_e	YDR039C:1	121.36195	automatically added
YDR040C	NA1tabc_c_e	YDR040C:1	121.40102	automatically added
YGR260W	NACt_c_e	YGR260W:1	60.64831	automatically added
YGL067W	NADDP_x	YGL067W:1	43.87795	automatically added
YDL085W	NADHq6_c	YDL085W:1	62.19071	automatically added
YMR145C	NADHq6_c	YMR145C:1	63.33064	automatically added
YML120C	NADHq6_m	YML120C:1	57.75838	automatically added
YEL041W	NADK_c,NADK_m,NADHK1_c,NADHK1_m	YEL041W:1	56.33998	automatically added
YJR049C	NADK_c,NADK_m,NADHK1_c,NADHK1_m	YJR049C:1	59.97865	automatically added
YPL188W	NADK_m,NADHK1_m	YPL188W:1	46.64946	automatically added
YPL015C	NADN_n	YPL015C:1	40.30592	automatically added
YDR191W	NADN_n	YDR191W:1	42.13102	automatically added
YOR025W	NADN_n	YOR025W:1	50.96867	automatically added
YOL068C	NADN_n	YOL068C:1	58.19459	automatically added
YDL042C	NADN_n	YDL042C:1	63.81343	automatically added
YHR074W	NADS2_c,NADS2_n	YHR074W:1	81.37298	automatically added
YEL006W	NADt_c_m	YEL006W:1	37.29345	automatically added
YIL006W	NADt_c_m,NADt1_m,NADt2_m,NADt3_m	YIL006W:1	42.31406	automatically added
YOR209C	NAMNPP_c,NAMNPP_m	YOR209C:1	49.42608	automatically added
YLR138W	NAtpa_e	YLR138W:1	110.31209	automatically added
YER005W	NDP1_c,NDP3_c,NDP7_c,NDP5_c,NDP10_c,NTP3_c,NTP7_c,NTP5_c,NTP10_c	YER005W:1	72.45113	automatically added
YEL042W	NDP7_g,NDP3_g	YEL042W:1	57.30604	automatically added
YKL067W	NDPK3_c,NDPK8_c,NDPK7_c,NDPK5_c,NDPK4_c,NDPK1_c,NDPK9_c,NDPK10_c,NDPK6_c,NDPK2_c	YKL067W:1	17.30352	automatically added
YBR180W	NFORTYR2t_c_e	YBR180W:1	63.96936	automatically added
YDR402CYDR403W	NFTYROX_c	YDR402C:1,YDR403W:1	118.44873000000001	automatically added
YDR384C	NH4t_c_e	YDR384C:1	30.27705	automatically added
YNL142W	NH4t_c_e	YNL142W:1	53.87709	automatically added
YPR138C	NH4t_c_e	YPR138C:1	54.15523	automatically added
YGR121C	NH4t_c_e	YGR121C:1	54.6655	automatically added
YGL037C	NNAM_c	YGL037C:1	25.18299	automatically added
YFR047C	NNDPR_c,NNDPR_m	YFR047C:1	32.63464	automatically added
YLR285W	NNMT_c	YLR285W:1	29.85727	automatically added
YOR155C	NTD11_c	YOR155C:1	51.74634	automatically added
YGL224C	NTD4pp_c,NTD2pp_c	YGL224C:1	32.22435	automatically added
YER037W	NTD4pp_c,NTD2pp_c,NTD9_c,LPAP_c	YER037W:1	38.01053	automatically added
YAL035W	NTP3_c	YAL035W:1	113.23364	automatically added
YER010C	OAADC_c	YER010C:1	25.77902	automatically added
YKL120W	OAAtps_m,3C3HMPt_c_m	YKL120W:1	35.47178	automatically added
YJL088W	OCBT_c	YJL088W:1	38.15883	automatically added
YOR377W	OHACT3_c,OHACT1_c,OHACT2_c,OHACT4_c,OHACT5_c	YOR377W:1	61.53839	automatically added
YGR177C	OHACT3_c,OHACT1_c,OHACT2_c,OHACT4_c,OHACT5_c	YGR177C:1	62.39926	automatically added
YEL021W	OMPDC_c	YEL021W:1	29.48821	automatically added
YKL184W	ORNDC_c	YKL184W:1	52.71768	automatically added
YLR438W	ORNTA_c	YLR438W:1	46.48665	automatically added
YOR130C	ORNtpa_m	YOR130C:1	31.80339	automatically added
YML106W	ORPT_c	YML106W:1	24.87027	automatically added
YMR271C	ORPT_c	YMR271C:1	25.02237	automatically added
YHR037W	P5CD_m,PHCD_m,4HGLSD_m	YHR037W:1	64.98952	automatically added
YBR022W	PADPRGH_c	YBR022W:1	20.09764	automatically added
YMR087W	PADPRGH_c	YMR087W:1	32.33299	automatically added
YBR097WYLR240W	PAIL3K_vm	YBR097W:1,YLR240W:1	269.57695	automatically added
YLR305C	PAIL4K_en	YLR305C:1	216.48613	automatically added
YJL100W	PAIL4K_en,PAIL4K_vm	YJL100W:1	70.79725	automatically added
YDR373WYNL267W	PAIL4K_gm	YDR373W:1,YNL267W:1	143.13078	automatically added
YNL267W	PAIL4K_n	YNL267W:1	120.95812	automatically added
YPR113W	PAILS_rm	YPR113W:1	25.03042	automatically added
YGR209CYPR167C	PAPSR_c	YGR209C:1,YPR167C:1	41.900729999999996	automatically added
YLR043CYPR167C	PAPSR_c	YLR043C:1,YPR167C:1	41.93083	automatically added
YDR503C	PAP_gm,DGPP_gm,LPAP_gm	YDR503C:1	31.84703	automatically added
YMR165C	PAP_rm	YMR165C:1	95.83183	automatically added
YDR284C	PAP_vm,DGPP_vm,LPAP_vm	YDR284C:1	33.77964	automatically added
YPR011C	PAPt_c_m	YPR011C:1	36.23387	automatically added
YIL145C	PBAL_c	YIL145C:1	35.31483	automatically added
YGL062W	PC_c	YGL062W:1	131.23715	automatically added
YBR218C	PC_c	YBR218C:1	131.31143	automatically added
YNR008W	PDAGATpe_rm,PDAGATpc_rm	YNR008W:1	76.02637	automatically added
YGL248W	PDE1_c	YGL248W:1	42.35666	automatically added
YOR360C	PDE1_c,PDE2_c,PDE3_c,PDE4_c,PDE5_c	YOR360C:1	61.49613	automatically added
YBR221CYER178WYFL018CYGR193CYNL071W	PDH_m	YBR221C:1,YER178W:1,YFL018C:1,YGR193C:1,YNL071W:1	239.66267000000002	automatically added
YGR157W	PEMT_rm	YGR157W:1	102.0593	automatically added
YLR244C	PEPSM1_c	YLR244C:1	43.74491	automatically added
YBL091C	PEPSM1_c	YBL091C:1	47.91089	automatically added
YGR007W	PETHCT_c	YGR007W:1	37.16033	automatically added
YAL026C	PEt_gm_rm	YAL026C:1	155.06188	automatically added
YOL136C	PFK_4_c	YOL136C:1	45.683	automatically added
YIL107C	PFK_4_c	YIL107C:1	94.23224	automatically added
YMR205C	PFK_c	YMR205C:1	105.54973	automatically added
YER081W	PGCD_c	YER081W:1	51.63073	automatically added
YIL074C	PGCD_c	YIL074C:1	51.63182	automatically added
YBR196C	PGI_c	YBR196C:1	61.82447	automatically added
YCR012W	PGK_c	YCR012W:1	45.13603	automatically added
YHR163W	PGL_c	YHR163W:1	28.00819	automatically added
YGR248W	PGL_c	YGR248W:1	28.67642	automatically added
YMR105C	PGMT_c,PPM_c	YMR105C:1	63.63382	automatically added
YKL127W	PGMT_c,PPM_c	YKL127W:1	63.66215	automatically added
YOR283W	PGM_c	YOR283W:1	26.38926	automatically added
YHR100C	PGPP_mm	YHR100C:1	21.11596	automatically added
YCL004W	PGPS_mm	YCL004W:1	59.89984	automatically added
YFL022CYLR060W	PHETRS_c	YFL022C:1,YLR060W:1	125.90814	automatically added
YPR047W	PHETRS_m	YPR047W:1	55.28136	automatically added
YLR386WYNL325C	PI35P5P_vm	YLR386W:1,YNL325C:1	203.19144	automatically added
YFR019WYFR021WYLR386WYNL054WYNL325C	PI3P5K_vm	YFR019W:1,YFR021W:1,YLR386W:1,YNL054W:1,YNL325C:1	647.70956	automatically added
YJR110W	PI3PP_c	YJR110W:1	80.82085	automatically added
YOR109W	PI3PP_en,PI3PP_c,PI4PP_en,PI4PP_c,PI45P5P_c,PI45P5P_en,PI35P5P_en,PI35P5P_c	YOR109W:1	125.66187	automatically added
YNL106C	PI3PP_en,PI3PP_c,PI4PP_en,PI4PP_c,PI45P5P_c,PI45P5P_en,PI35P5P_en,PI35P5P_c	YNL106C:1	134.50898	automatically added
YKL212W	PI3PP_rm,PI3PP_gm,PI4PP_rm,PI4PP_gm	YKL212W:1	71.7287	automatically added
YIL002C	PI45P5P_c,PI45P5P_en	YIL002C:1	109.3495	automatically added
YOL065C	PI45P5P_rm	YOL065C:1	44.16547	automatically added
YDR208W	PI4P5K_n,PI4P5K_en	YDR208W:1	90.10072	automatically added
YBR296C	PItps_e	YBR296C:1	63.20488	automatically added
YML123C	PItps_e,PIt_c_en	YML123C:1	64.94042	automatically added
YJL198W	PItps_e,PIt_c_en	YJL198W:1	98.54878	automatically added
YCR037C	PItps_e,PIt_c_en	YCR037C:1	103.4349	automatically added
YNR013C	PItps_e,PIt_c_v,PIt_c_vm	YNR013C:1	100.36868	automatically added
YJR077C	PItps_m,PIt_m_mm	YJR077C:1	33.11383	automatically added
YER053C	PItps_m,PIt_m_mm	YER053C:1	33.82714	automatically added
YMR008C	PLABlpc_en,PLABlpe_en,PLABpc_en,PLABpe_en	YMR008C:1	72.2844	automatically added
YML059C	PLABlpc_rm,PLABpc_rm	YML059C:1	188.79622	automatically added
YMR006C	PLABlpe_en,PLABlps_en,PLABpe_en,PLABps_en	YMR006C:1	76.11551	automatically added
YOL011W	PLABlpi_en,PLABlps_en,PLABpi_en,PLABps_en	YOL011W:1	75.72313	automatically added
YER019W	PLACipc_r,PLACmipc_r,PLACmip2c_r,PLACipc_m,PLACmipc_m,PLACmip2c_m	YER019W:1	54.39898	automatically added
YPL268W	PLACpail45p_c,PLACpail45p_n	YPL268W:1	101.42077	automatically added
YPL206C	PLACpg_mm	YPL206C:1	37.37846	automatically added
YKR031C	PLADpc_en	YKR031C:1	196.86525	automatically added
YGR110W	PLAclpn1_mm,PLAclpn3_mm	YGR110W:1	52.48926	automatically added
YFL045C	PMANM_c	YFL045C:1	29.28949	automatically added
YJR073C	PMEMT_rm,PDMEMT_rm	YJR073C:1	23.34411	automatically added
YMR220W	PMEVK_c	YMR220W:1	50.87932	automatically added
YLR209C	PNP_c,PUNP3_c,PUNP3_m,PUNP5_c	YLR209C:1	34.04662	automatically added
YDR531W	PNTK_c	YDR531W:1	41.2457	automatically added
YCR028C	PNTOtps_e	YCR028C:1	58.74893	automatically added
YMR020W	POLYAO1_c,POLYAO2_c,POLYAO3_c	YMR020W:1	58.28097	automatically added
YBR011C	PPA_c	YBR011C:1	32.56022	automatically added
YMR267W	PPA_m	YMR267W:1	35.86423	automatically added
YDL205C	PPBNGD_c	YDL205C:1	36.97832	automatically added
YGL040C	PPBNGS_1_c	YGL040C:1	38.05686	automatically added
YKL088WYKR072C	PPCDC_c	YKL088W:1,YKR072C:1	128.739	automatically added
YKL088WYOR054C	PPCDC_c	YKL088W:1,YOR054C:1	140.00778000000003	automatically added
YKR097W	PPCK_c	YKR097W:1	61.50362	automatically added
YMR278W	PPM_c	YMR278W:1	71.65928	automatically added
YIL083C	PPNCL2_c	YIL083C:1	42.21553	automatically added
YBR166C	PPND2_c	YBR166C:1	51.35086	automatically added
YNL316C	PPNDH_c	YNL316C:1	38.5328	automatically added
YER014W	PPPGO_m	YER014W:1	60.24041	automatically added
YBR003W	PPTT_m	YBR003W:1	53.02123	automatically added
YDR380W	PPYRDC_c	YDR380W:1	71.99364	automatically added
YGL234W	PRAIS_c,PRAGSi_c	YGL234W:1	86.82404	automatically added
YDR007W	PRAIi_c	YDR007W:1	24.34525	automatically added
YAR015W	PRASCSi_c	YAR015W:1	34.88507	automatically added
YBR002CYDL193W	PRENT13_rm,PRENT11_rm,PRENT20_rm,PRENT16_rm,PRENT8_rm,PRENT19_rm,PRENT14_rm,PRENT7_rm,PRENT12_rm,PRENT21_rm,GGTT_rm,PRENT6_rm,PRENT10_rm,PRENT18_rm,FRTT_rm,PRENT17_rm,PRENT9_rm,PPTT_rm,PRENT15_rm	YBR002C:1,YDL193W:1	75.87398999999999	automatically added
YGR061C	PRFGS_c	YGR061C:1	150.20158	automatically added
YIL020C	PRMICI_c,RAFH_e	YIL020C:1	29.79324	automatically added
YLR142W	PROD2_m	YLR142W:1	53.73805	automatically added
YHR020W	PROTRS_c	YHR020W:1	78.04756	automatically added
YER099CYKL181W	PRPPS_c	YER099C:1,YKL181W:1	82.50165	automatically added
YHL011CYKL181W	PRPPS_c	YHL011C:1,YKL181W:1	82.87152	automatically added
YBL068WYKL181W	PRPPS_c	YBL068W:1,YKL181W:1	83.46472	automatically added
YER099CYOL061W	PRPPS_c	YER099C:1,YOL061W:1	89.03997	automatically added
YBL068WYOL061W	PRPPS_c	YBL068W:1,YOL061W:1	90.00304	automatically added
YGR170W	PSD_gm,PSD_vm	YGR170W:1	131.18675	automatically added
YNL169C	PSD_mm	YNL169C:1	57.08627	automatically added
YOR184W	PSERT_c	YOR184W:1	43.78614	automatically added
YDR294C	PSPHPL_r,SPHPL_r	YDR294C:1	66.13906	automatically added
YGR208W	PSP_L_c	YGR208W:1	34.4879	automatically added
YER026C	PSSA_rm	YER026C:1	31.05621	automatically added
YIL048W	PSt_gm_rm	YIL048W:1	131.33362	automatically added
YMR162C	PSt_gm_rm	YMR162C:1	189.94345	automatically added
YGR277C	PTPAT_c	YGR277C:1	34.58619	automatically added
YLL028W	PTRCtpa_e,PTRCtpa_v,SPMDtpa_e,SPMDtpa_v,SPRMtpa_e,SPRMtpa_v	YLL028W:1	64.83667	automatically added
YOR273C	PTRCtpa_e,PTRCtpa_v,SPMDtpa_e,SPMDtpa_v,SPRMtpa_e,SPRMtpa_v	YOR273C:1	73.86627	automatically added
YMR095CYMR096W	PYDX5PS_c	YMR095C:1,YMR096W:1	57.1991	automatically added
YFL059WYMR095C	PYDX5PS_c	YFL059W:1,YMR095C:1	57.40223	automatically added
YMR095CYNL333W	PYDX5PS_c	YMR095C:1,YNL333W:1	57.416259999999994	automatically added
YNR027W	PYDXK_c	YNR027W:1	35.66343	automatically added
YEL029C	PYDXNK_c	YEL029C:1	35.84984	automatically added
YBR035C	PYDXO_c,PYAM5PO_c,PDX5POi_c,PYDXNO_c	YBR035C:1	27.11793	automatically added
YPR127W	PYDXR_c	YPR127W:1	38.91935	automatically added
YAL038W	PYK_c	YAL038W:1	55.02709	automatically added
YOR347C	PYK_c	YOR347C:1	55.67969	automatically added
YGL080WYHR162W	PYRtps_m	YGL080W:1,YHR162W:1	29.78999	automatically added
YGL080WYGR243W	PYRtps_m	YGL080W:1,YGR243W:1	31.48395	automatically added
YDR204WYGL119WYGR255CYLR201CYML110CYOL096CYOR125C	Q6MT1_m,Q6MO_m,Q6MT2_m,Q6OR_m,3DH5HPBMT_m	YDR204W:1,YGL119W:1,YGR255C:1,YLR201C:1,YML110C:1,YOL096C:1,YOR125C:1	278.25968	automatically added
YDR236C	RBFK_c,RBFK_m	YDR236C:1	24.72971	automatically added
YOL143C	RBFSa_c	YOL143C:1	18.70337	automatically added
YBR256C	RBFSb_c	YBR256C:1	26.40743	automatically added
YOR306C	RIBFLVt_c_e	YOR306C:1	58.07342	automatically added
YDL174C	RLFC2O_c	YDL174C:1	65.85592	automatically added
YDL178W	RLFC2O_m	YDL178W:1	59.77082	automatically added
YER070WYGR180CYJL026W	RNDR1_c,RNDR1_n,RNDR3_c,RNDR3_n,RNDR4_c,RNDR4_n,RNDR2_c,RNDR2_n	YER070W:1,YGR180C:1,YJL026W:1	187.29535	automatically added
YNL129W	RNMK_c	YNL129W:1	27.90923	automatically added
YJL121C	RPE_c	YJL121C:1	26.1809	automatically added
YOR095C	RPI_c	YOR095C:1	28.49278	automatically added
YNR050C	SACCD1_c	YNR050C:1	49.33333	automatically added
YIR034C	SACCD2_c	YIR034C:1	41.82749	automatically added
YJR010W	SADT_c	YJR010W:1	58.20284	automatically added
YML008C	SAM24MT_c	YML008C:1	43.78628	automatically added
YKR053C	SBPP2_r,SBPP1_r	YKR053C:1	46.87462	automatically added
YJL134W	SBPP2_r,SBPP1_r	YJL134W:1	47.77631	automatically added
YKR043C	SBP_c	YKR043C:1	31.26659	automatically added
YDL246C	SBTD_D2_c	YDL246C:1	38.43207	automatically added
YJR159W	SBTD_D2_c,SBTD_L_c	YJR159W:1	38.50218	automatically added
YDL040CYHR013CYOR253W	SERAT_c	YDL040C:1,YHR013C:1,YOR253W:1	147.4458	automatically added
YCL064C	SERD_L_c,THRD_L_c,THRD_L_m,SERD_L_m	YCL064C:1	39.65105	automatically added
YDR062WYMR296C	SERPT_r	YDR062W:1,YMR296C:1	126.39583	automatically added
YHR011W	SERTRS_c	YHR011W:1	50.82667	automatically added
YDR023W	SERTRS_c	YDR023W:1	53.74508	automatically added
YDR105C	SERtps_e	YDR105C:1	52.67655	automatically added
YJL068C	SFGTHi_c	YJL068C:1	34.20979	automatically added
YBR213W	SHCHD2_c,SHCHF_c	YBR213W:1	32.16942	automatically added
YLL058W	SHSL1_c	YLL058W:1	64.77865	automatically added
YML082W	SHSL1_c	YML082W:1	74.91854	automatically added
YFR030WYJR137C	SO3R_c	YFR030W:1,YJR137C:1	278.41559	automatically added
YPL092W	SO3t_c_e	YPL092W:1	52.99176	automatically added
YBR294W	SO4t_c_e	YBR294W:1	96.7859	automatically added
YLR092W	SO4t_c_e	YLR092W:1	100.5177	automatically added
YOR171C	SPHGLpK_r,SLCBK1_r	YOR171C:1	70.23774	automatically added
YLR260W	SPHGLpK_r,SLCBK1_r	YLR260W:1	78.22896	automatically added
YHL016C	SPMDtpa_e,UREAtps_e	YHL016C:1	81.3221	automatically added
YPR069C	SPMS_c	YPR069C:1	33.58669	automatically added
YDR071C	SPRMAT_c	YDR071C:1	22.11427	automatically added
YLR146C	SPRMS_c	YLR146C:1	34.35933	automatically added
YGR138C	SPRMtpa_e,SPRMtpa_v	YGR138C:1	68.18297	automatically added
YPR156C	SPRMtpa_e,SPRMtpa_v	YPR156C:1	68.66825	automatically added
YGR175C	SQLEx_r,SQLEy_r	YGR175C:1	55.59734	automatically added
YHR190W	SQLS_c	YHR190W:1	52.13235	automatically added
YBR006W	SSALy_c	YBR006W:1	54.66472	automatically added
YCR048W	STATe181_rm,STATg181_rm,STATf181_rm,STATl181_rm,STATz181_rm,STATe161_rm,STATg161_rm,STATf161_rm,STATl161_rm,STATz161_rm	YCR048W:1	72.21028	automatically added
YNR019W	STATg181_rm,STATg161_rm	YNR019W:1	74.64712	automatically added
YKL140W	STEHg161_l,STEHg181_l	YKL140W:1	63.50247	automatically added
YLL012W	STEHg161_l,STEHg181_l,STEHe161_l,STEHe181_l,STEHf161_l,STEHf181_l,STEHl161_l,STEHl181_l,STEHz161_l,STEHz181_l	YLL012W:1	67.05309	automatically added
YLR020C	STEHz161_en,STEHz181_en	YLR020C:1	62.96895	automatically added
YDR178WYJL045WYKL141WYLL041C	SUCDq6_m	YDR178W:1,YJL045W:1,YKL141W:1,YLL041C:1	143.16615000000002	automatically added
YDR178WYKL141WYKL148CYLL041C	SUCDq6_m	YDR178W:1,YKL141W:1,YKL148C:1,YLL041C:1	144.02007	automatically added
YJR095W	SUCFUMt_c_m	YJR095W:1	35.66311	automatically added
YIL162W	SUCR_e	YIL162W:1	61.12936	automatically added
YBR204C	TAGL_l	YBR204C:1	43.63833	automatically added
YCR068W	TAGL_l	YCR068W:1	58.91836	automatically added
YMR313C	TAGL_l,DAGL_l,LPEAT_l	YMR313C:1	74.24396	automatically added
YLR354C	TALA_c	YLR354C:1	37.35105	automatically added
YGR043C	TALA_c	YGR043C:1	37.5633	automatically added
YLL057C	TAUDO_c	YLL057C:1	47.36814	automatically added
YLL048C	TCHOLAtabc_v	YLL048C:1	190.80957	automatically added
YOR241W	THFGLUS_c	YOR241W:1	62.68888	automatically added
YKL132C	THFGLUS_m	YKL132C:1	48.55397	automatically added
YDR453CYGR209C	THIORDXi_c	YDR453C:1,YGR209C:1	33.07942	automatically added
YDR453CYLR043C	THIORDXi_c	YDR453C:1,YLR043C:1	33.109519999999996	automatically added
YGR209CYIL010W	THIORDXi_n	YGR209C:1,YIL010W:1	35.61128	automatically added
YIL010WYLR043C	THIORDXi_n	YIL010W:1,YLR043C:1	35.64138	automatically added
YGR209CYLR109W	THIORDXi_x	YGR209C:1,YLR109W:1	30.55322	automatically added
YLR043CYLR109W	THIORDXi_x	YLR043C:1,YLR109W:1	30.58332	automatically added
YGR096W	THMPPt_m	YGR096W:1	35.44958	automatically added
YDL024C	THMP_c,FMNH_c	YDL024C:1	53.51473	automatically added
YLR237W	THMtps_e	YLR237W:1	67.48117	automatically added
YOR192C	THMtps_e	YOR192C:1	67.76473	automatically added
YOR071C	THMtps_e	YOR071C:1	67.77476	automatically added
YEL046C	THRA2_c,THRA_c	YEL046C:1	43.17564	automatically added
YIL078W	THRTRS_c	YIL078W:1	85.23165	automatically added
YKL194C	THRTRS_m	YKL194C:1	54.54053	automatically added
YPR074C	TKT1_c,TKT2_c	YPR074C:1	74.46297	automatically added
YBR117C	TKT1_c,TKT2_c	YBR117C:1	75.67761	automatically added
YOR143C	TMDPK_c,TMDPPK_c	YOR143C:1	36.91264	automatically added
YOR074C	TMDS_c	YOR074C:1	35.3319	automatically added
YDR050C	TPI_c	YDR050C:1	27.02214	automatically added
YDR353W	TRDR_c	YDR353W:1	34.53376	automatically added
YCR083WYHR106W	TRDR_m	YCR083W:1,YHR106W:1	51.95505	automatically added
YCR083WYPL091W	TRDR_m	YCR083W:1,YPL091W:1	68.45236	automatically added
YBR126CYDR074WYMR261C	TRE6PS_c,TRE6PP_c	YBR126C:1,YDR074W:1,YMR261C:1	280.32239000000004	automatically added
YBR126CYDR074WYML100W	TRE6PS_c,TRE6PP_c	YBR126C:1,YDR074W:1,YML100W:1	284.5552	automatically added
YDR001C	TREH_c	YDR001C:1	86.6123	automatically added
YBR001C	TREH_v	YBR001C:1	90.43033	automatically added
YPR026W	TREH_v	YPR026W:1	138.0749	automatically added
YJR078W	TRPO2_c	YJR078W:1	51.21294	automatically added
YGL026C	TRPS1_c	YGL026C:1	77.3042	automatically added
YOL097C	TRPTRS_c	YOL097C:1	49.76075	automatically added
YDR268W	TRPTRS_m	YDR268W:1	43.38414	automatically added
YDR403W	TYRNFT_c	YDR403W:1	61.89903	automatically added
YGR185C	TYRTRS_c	YGR185C:1	44.39966	automatically added
YPL097W	TYRTRS_m	YPL097W:1	55.77391	automatically added
YDL103C	UAGDP_c	YDL103C:1	53.93456	automatically added
YBR019C	UDPG4E_c	YBR019C:1	78.86224	automatically added
YBR018C	UGLT_c	YBR018C:1	42.73272	automatically added
YIR032C	ULGYCH_c	YIR032C:1	21.89547	automatically added
YKL024C	UMPK_c,UMPK_n,URIDK2i_c,URIDK2_n	YKL024C:1	23.11797	automatically added
YJR148W	UNK3_c,OMCDC_c,ILETA_c,LEUTA_c,VALTA_c	YJR148W:1	41.98232	automatically added
YHR208W	UNK3_c,OMCDC_m,ILETA_m,LEUTA_m,VALTA_m	YHR208W:1	43.97766	automatically added
YHR137W	UNK3_c,PHETA1_c,TYRTA_c,TRPTA2_c	YHR137W:1	59.01203	automatically added
YKR069W	UPP3MT_2_c	YKR069W:1	66.69462	automatically added
YOR278W	UPP3S_c	YOR278W:1	31.17029	automatically added
YDR047W	UPPDC1_c	YDR047W:1	41.6917	automatically added
YHR128W	UPPRT_c	YHR128W:1	24.7892	automatically added
YBR021W	URAtps_e	YBR021W:1	72.35419	automatically added
YDR400W	URIH_c	YDR400W:1	38.27097	automatically added
YDR020C	URIK1_c,URIK2_c	YDR020C:1	26.7967	automatically added
YBL042C	URItps_e,DURIt_c_e	YBL042C:1	72.78629	automatically added
YGR094W	VALTRS_c,VALTRS_m	YGR094W:1	126.84864	automatically added
YJR133W	XPPT_c	YJR133W:1	23.85696	automatically added
YGR194C	XYLK_c	YGR194C:1	68.89732	automatically added
YLR070C	XYLTD_D_c	YLR070C:1	38.93102	automatically added
YGL063W	YUMPS_c	YGL063W:1	42.25196	automatically added
YNL292W	YUMPS_c	YNL292W:1	45.654	automatically added
YFL001W	YUMPS_c	YFL001W:1	51.33037	automatically added
YPL212C	YUMPS_c	YPL212C:1	62.67108	automatically added
YIL023C	ZN2t_c_r	YIL023C:1	37.742	automatically added
YGL255W	ZN2tps_c_e	YGL255W:1	41.93209	automatically added
YLR130C	ZN2tps_c_e	YLR130C:1	46.74543	automatically added
YKL182WYPL231W	lumpFACS160_c,lumpFACS180_c	YKL182W:1,YPL231W:1	439.44894	automatically added
YOR196C	r_4323_m,r_4324_m	YOR196C:1	46.6638	automatically added
